﻿[
  {
    "id": "C0023892",
    "community": 0
  },
  {
    "id": "C0151744",
    "community": 0
  },
  {
    "id": "C0007786",
    "community": 0
  },
  {
    "id": "C0014175",
    "community": 0
  },
  {
    "id": "C0002395",
    "community": 0
  },
  {
    "id": "C0034069",
    "community": 0
  },
  {
    "id": "C1319853",
    "community": 0
  },
  {
    "id": "C4277682",
    "community": 0
  },
  {
    "id": "C0011860",
    "community": 0
  },
  {
    "id": "C0021400",
    "community": 0
  },
  {
    "id": "C0003873",
    "community": 0
  },
  {
    "id": "C0004096",
    "community": 0
  },
  {
    "id": "C0011616",
    "community": 0
  },
  {
    "id": "C0022661",
    "community": 0
  },
  {
    "id": "C0027051",
    "community": 0
  },
  {
    "id": "C0030567",
    "community": 0
  },
  {
    "id": "C0917805",
    "community": 0
  },
  {
    "id": "C0024117",
    "community": 0
  },
  {
    "id": "C0023890",
    "community": 0
  },
  {
    "id": "C0024141",
    "community": 0
  },
  {
    "id": "C0162820",
    "community": 0
  },
  {
    "id": "C0032285",
    "community": 0
  },
  {
    "id": "C0038220",
    "community": 0
  },
  {
    "id": "C0032460",
    "community": 0
  },
  {
    "id": "C0035222",
    "community": 0
  },
  {
    "id": "C0008370",
    "community": 0
  },
  {
    "id": "C0342276",
    "community": 0
  },
  {
    "id": "C0010346",
    "community": 0
  },
  {
    "id": "C3809811",
    "community": 0
  },
  {
    "id": "C0400966",
    "community": 0
  },
  {
    "id": "C0033860",
    "community": 0
  },
  {
    "id": "C0017658",
    "community": 0
  },
  {
    "id": "C0009324",
    "community": 0
  },
  {
    "id": "C0003123",
    "community": 0
  },
  {
    "id": "C0948089",
    "community": 0
  },
  {
    "id": "C0015695",
    "community": 0
  },
  {
    "id": "C0239946",
    "community": 0
  },
  {
    "id": "C0008312",
    "community": 0
  },
  {
    "id": "C0752347",
    "community": 0
  },
  {
    "id": "C3495559",
    "community": 0
  },
  {
    "id": "C0859942",
    "community": 0
  },
  {
    "id": "C0917798",
    "community": 0
  },
  {
    "id": "C0162671",
    "community": 0
  },
  {
    "id": "C0011881",
    "community": 0
  },
  {
    "id": "C0011854",
    "community": 0
  },
  {
    "id": "C0029408",
    "community": 0
  },
  {
    "id": "C1840253",
    "community": 0
  },
  {
    "id": "C0011615",
    "community": 0
  },
  {
    "id": "C0023794",
    "community": 0
  },
  {
    "id": "C0013386",
    "community": 0
  },
  {
    "id": "C0524620",
    "community": 0
  },
  {
    "id": "C0040028",
    "community": 0
  },
  {
    "id": "C0019158",
    "community": 0
  },
  {
    "id": "C0007570",
    "community": 0
  },
  {
    "id": "C0020456",
    "community": 0
  },
  {
    "id": "C3714497",
    "community": 0
  },
  {
    "id": "C1136382",
    "community": 0
  },
  {
    "id": "C4275179",
    "community": 0
  },
  {
    "id": "C1527336",
    "community": 0
  },
  {
    "id": "C0241910",
    "community": 0
  },
  {
    "id": "C0014556",
    "community": 0
  },
  {
    "id": "C0020541",
    "community": 0
  },
  {
    "id": "C0023891",
    "community": 0
  },
  {
    "id": "C0520459",
    "community": 0
  },
  {
    "id": "C0027707",
    "community": 0
  },
  {
    "id": "C2931434",
    "community": 0
  },
  {
    "id": "C0026769",
    "community": 0
  },
  {
    "id": "C0263454",
    "community": 0
  },
  {
    "id": "C0157917",
    "community": 0
  },
  {
    "id": "C0740392",
    "community": 0
  },
  {
    "id": "C0042109",
    "community": 0
  },
  {
    "id": "C1846707",
    "community": 0
  },
  {
    "id": "C0162557",
    "community": 0
  },
  {
    "id": "C0030305",
    "community": 0
  },
  {
    "id": "C0004763",
    "community": 0
  },
  {
    "id": "C0268389",
    "community": 0
  },
  {
    "id": "C0003872",
    "community": 0
  },
  {
    "id": "C0018213",
    "community": 0
  },
  {
    "id": "C1836830",
    "community": 1
  },
  {
    "id": "C0234958",
    "community": 1
  },
  {
    "id": "C0014544",
    "community": 1
  },
  {
    "id": "C4020871",
    "community": 1
  },
  {
    "id": "C0235946",
    "community": 1
  },
  {
    "id": "C2315100",
    "community": 1
  },
  {
    "id": "C0020615",
    "community": 1
  },
  {
    "id": "C0018784",
    "community": 1
  },
  {
    "id": "C0038379",
    "community": 1
  },
  {
    "id": "C0023264",
    "community": 1
  },
  {
    "id": "C0376175",
    "community": 1
  },
  {
    "id": "C0393525",
    "community": 1
  },
  {
    "id": "C0543541",
    "community": 1
  },
  {
    "id": "C0740279",
    "community": 1
  },
  {
    "id": "C0024421",
    "community": 1
  },
  {
    "id": "C0007194",
    "community": 1
  },
  {
    "id": "C0028738",
    "community": 1
  },
  {
    "id": "C0029124",
    "community": 1
  },
  {
    "id": "C0262404",
    "community": 1
  },
  {
    "id": "C0010964",
    "community": 1
  },
  {
    "id": "C0282527",
    "community": 1
  },
  {
    "id": "C0426970",
    "community": 1
  },
  {
    "id": "C2267233",
    "community": 1
  },
  {
    "id": "C4020860",
    "community": 1
  },
  {
    "id": "C0020295",
    "community": 1
  },
  {
    "id": "C4082173",
    "community": 1
  },
  {
    "id": "C0085605",
    "community": 1
  },
  {
    "id": "C0023520",
    "community": 1
  },
  {
    "id": "C0338474",
    "community": 1
  },
  {
    "id": "C0024636",
    "community": 1
  },
  {
    "id": "C2936907",
    "community": 1
  },
  {
    "id": "C1145670",
    "community": 1
  },
  {
    "id": "C0037769",
    "community": 1
  },
  {
    "id": "C0017168",
    "community": 1
  },
  {
    "id": "C0014306",
    "community": 1
  },
  {
    "id": "C0001403",
    "community": 1
  },
  {
    "id": "C0020255",
    "community": 1
  },
  {
    "id": "C0022679",
    "community": 1
  },
  {
    "id": "C0020676",
    "community": 1
  },
  {
    "id": "C0238621",
    "community": 1
  },
  {
    "id": "C0162835",
    "community": 1
  },
  {
    "id": "C0043459",
    "community": 1
  },
  {
    "id": "C0085110",
    "community": 1
  },
  {
    "id": "C1136249",
    "community": 1
  },
  {
    "id": "C0162674",
    "community": 1
  },
  {
    "id": "C4020873",
    "community": 1
  },
  {
    "id": "C0751748",
    "community": 1
  },
  {
    "id": "C0156394",
    "community": 1
  },
  {
    "id": "C0039621",
    "community": 1
  },
  {
    "id": "C0027709",
    "community": 1
  },
  {
    "id": "C0017567",
    "community": 1
  },
  {
    "id": "C0007789",
    "community": 1
  },
  {
    "id": "C0020555",
    "community": 1
  },
  {
    "id": "C0009763",
    "community": 1
  },
  {
    "id": "C0265338",
    "community": 1
  },
  {
    "id": "C1955869",
    "community": 1
  },
  {
    "id": "C1849173",
    "community": 1
  },
  {
    "id": "C1868684",
    "community": 1
  },
  {
    "id": "C4280614",
    "community": 1
  },
  {
    "id": "C2711227",
    "community": 1
  },
  {
    "id": "C0013363",
    "community": 1
  },
  {
    "id": "C1838979",
    "community": 1
  },
  {
    "id": "C0158113",
    "community": 1
  },
  {
    "id": "C3714581",
    "community": 1
  },
  {
    "id": "C0022638",
    "community": 1
  },
  {
    "id": "C0543888",
    "community": 1
  },
  {
    "id": "C0035305",
    "community": 1
  },
  {
    "id": "C0917799",
    "community": 1
  },
  {
    "id": "C0037036",
    "community": 1
  },
  {
    "id": "C0085583",
    "community": 1
  },
  {
    "id": "C2678480",
    "community": 1
  },
  {
    "id": "C0037772",
    "community": 1
  },
  {
    "id": "C1837658",
    "community": 1
  },
  {
    "id": "C0008372",
    "community": 1
  },
  {
    "id": "C4020858",
    "community": 1
  },
  {
    "id": "C0020428",
    "community": 1
  },
  {
    "id": "C0401151",
    "community": 1
  },
  {
    "id": "C0015310",
    "community": 1
  },
  {
    "id": "C0151747",
    "community": 1
  },
  {
    "id": "C3553450",
    "community": 1
  },
  {
    "id": "C0341703",
    "community": 1
  },
  {
    "id": "C0405580",
    "community": 1
  },
  {
    "id": "C0034013",
    "community": 1
  },
  {
    "id": "C1876165",
    "community": 2
  },
  {
    "id": "C0019189",
    "community": 2
  },
  {
    "id": "C0011334",
    "community": 3
  },
  {
    "id": "C0022596",
    "community": 3
  },
  {
    "id": "C0221260",
    "community": 3
  },
  {
    "id": "C0002170",
    "community": 3
  },
  {
    "id": "C0259817",
    "community": 3
  },
  {
    "id": "C0013595",
    "community": 3
  },
  {
    "id": "C1835662",
    "community": 3
  },
  {
    "id": "C1834405",
    "community": 3
  },
  {
    "id": "C0011606",
    "community": 3
  },
  {
    "id": "C0263490",
    "community": 3
  },
  {
    "id": "C0870082",
    "community": 3
  },
  {
    "id": "C0020757",
    "community": 3
  },
  {
    "id": "C0022568",
    "community": 3
  },
  {
    "id": "C1854310",
    "community": 3
  },
  {
    "id": "C0018802",
    "community": 4
  },
  {
    "id": "C0149721",
    "community": 4
  },
  {
    "id": "C3277059",
    "community": 4
  },
  {
    "id": "C4020884",
    "community": 4
  },
  {
    "id": "C0014550",
    "community": 4
  },
  {
    "id": "C1843156",
    "community": 4
  },
  {
    "id": "C0744641",
    "community": 4
  },
  {
    "id": "C0018801",
    "community": 4
  },
  {
    "id": "C0751778",
    "community": 4
  },
  {
    "id": "C0027092",
    "community": 4
  },
  {
    "id": "C0002736",
    "community": 4
  },
  {
    "id": "C4021821",
    "community": 4
  },
  {
    "id": "C0746926",
    "community": 4
  },
  {
    "id": "C4021759",
    "community": 4
  },
  {
    "id": "C0155320",
    "community": 4
  },
  {
    "id": "C0265325",
    "community": 4
  },
  {
    "id": "C0702166",
    "community": 4
  },
  {
    "id": "C0018979",
    "community": 4
  },
  {
    "id": "C1112705",
    "community": 4
  },
  {
    "id": "C3808377",
    "community": 4
  },
  {
    "id": "C0392557",
    "community": 4
  },
  {
    "id": "C0003864",
    "community": 4
  },
  {
    "id": "C0043202",
    "community": 4
  },
  {
    "id": "C0494475",
    "community": 4
  },
  {
    "id": "C4020854",
    "community": 4
  },
  {
    "id": "C0038358",
    "community": 4
  },
  {
    "id": "C0151740",
    "community": 4
  },
  {
    "id": "C0338451",
    "community": 4
  },
  {
    "id": "C0002886",
    "community": 4
  },
  {
    "id": "C1833118",
    "community": 4
  },
  {
    "id": "C0042384",
    "community": 4
  },
  {
    "id": "C1862939",
    "community": 4
  },
  {
    "id": "C1861829",
    "community": 4
  },
  {
    "id": "C0004106",
    "community": 4
  },
  {
    "id": "C0452138",
    "community": 4
  },
  {
    "id": "C0006267",
    "community": 5
  },
  {
    "id": "C0002871",
    "community": 5
  },
  {
    "id": "C0024312",
    "community": 5
  },
  {
    "id": "C0743359",
    "community": 5
  },
  {
    "id": "C0037199",
    "community": 5
  },
  {
    "id": "C0581354",
    "community": 5
  },
  {
    "id": "C0747085",
    "community": 5
  },
  {
    "id": "C0015625",
    "community": 5
  },
  {
    "id": "C0023530",
    "community": 5
  },
  {
    "id": "C0271441",
    "community": 5
  },
  {
    "id": "C0022521",
    "community": 5
  },
  {
    "id": "C4280333",
    "community": 5
  },
  {
    "id": "C0086438",
    "community": 5
  },
  {
    "id": "C3854388",
    "community": 5
  },
  {
    "id": "C0741796",
    "community": 5
  },
  {
    "id": "C0272027",
    "community": 5
  },
  {
    "id": "C0030312",
    "community": 5
  },
  {
    "id": "C0398650",
    "community": 6
  },
  {
    "id": "C0920163",
    "community": 6
  },
  {
    "id": "C0242584",
    "community": 6
  },
  {
    "id": "C0028754",
    "community": 7
  },
  {
    "id": "C0042798",
    "community": 7
  },
  {
    "id": "C0018777",
    "community": 7
  },
  {
    "id": "C0035334",
    "community": 7
  },
  {
    "id": "C0017601",
    "community": 7
  },
  {
    "id": "C0010278",
    "community": 7
  },
  {
    "id": "C0022578",
    "community": 7
  },
  {
    "id": "C0020619",
    "community": 7
  },
  {
    "id": "C0020459",
    "community": 7
  },
  {
    "id": "C1565489",
    "community": 7
  },
  {
    "id": "C0028077",
    "community": 7
  },
  {
    "id": "C4072827",
    "community": 7
  },
  {
    "id": "C0035078",
    "community": 7
  },
  {
    "id": "C2316810",
    "community": 7
  },
  {
    "id": "C0752166",
    "community": 7
  },
  {
    "id": "C0026850",
    "community": 7
  },
  {
    "id": "C0239981",
    "community": 7
  },
  {
    "id": "C3714796",
    "community": 7
  },
  {
    "id": "C0271183",
    "community": 7
  },
  {
    "id": "C0020490",
    "community": 7
  },
  {
    "id": "C0339527",
    "community": 7
  },
  {
    "id": "C0265221",
    "community": 7
  },
  {
    "id": "C0271215",
    "community": 7
  },
  {
    "id": "C0265202",
    "community": 7
  },
  {
    "id": "C1301509",
    "community": 7
  },
  {
    "id": "C0375206",
    "community": 7
  },
  {
    "id": "C0730290",
    "community": 7
  },
  {
    "id": "C0037315",
    "community": 7
  },
  {
    "id": "C0521719",
    "community": 7
  },
  {
    "id": "C0017668",
    "community": 7
  },
  {
    "id": "C0009319",
    "community": 7
  },
  {
    "id": "C0687120",
    "community": 7
  },
  {
    "id": "C1857079",
    "community": 7
  },
  {
    "id": "C3551052",
    "community": 7
  },
  {
    "id": "C0007785",
    "community": 7
  },
  {
    "id": "C1847759",
    "community": 7
  },
  {
    "id": "C1301959",
    "community": 8
  },
  {
    "id": "C4082299",
    "community": 8
  },
  {
    "id": "C2674574",
    "community": 9
  },
  {
    "id": "C0013405",
    "community": 9
  },
  {
    "id": "C0392775",
    "community": 9
  },
  {
    "id": "C0003504",
    "community": 9
  },
  {
    "id": "C1956346",
    "community": 9
  },
  {
    "id": "C0745103",
    "community": 9
  },
  {
    "id": "C0263401",
    "community": 9
  },
  {
    "id": "C0004153",
    "community": 9
  },
  {
    "id": "C1836635",
    "community": 9
  },
  {
    "id": "C0020473",
    "community": 9
  },
  {
    "id": "C0020443",
    "community": 9
  },
  {
    "id": "C0023212",
    "community": 9
  },
  {
    "id": "C0020445",
    "community": 9
  },
  {
    "id": "C0010068",
    "community": 9
  },
  {
    "id": "C0271578",
    "community": 10
  },
  {
    "id": "C0018418",
    "community": 10
  },
  {
    "id": "C0029456",
    "community": 10
  },
  {
    "id": "C0015300",
    "community": 10
  },
  {
    "id": "C1858991",
    "community": 10
  },
  {
    "id": "C0010691",
    "community": 10
  },
  {
    "id": "C0747078",
    "community": 10
  },
  {
    "id": "C0271623",
    "community": 10
  },
  {
    "id": "C0232939",
    "community": 10
  },
  {
    "id": "C0004509",
    "community": 10
  },
  {
    "id": "C3489396",
    "community": 10
  },
  {
    "id": "C0029453",
    "community": 10
  },
  {
    "id": "C1956257",
    "community": 10
  },
  {
    "id": "C1563720",
    "community": 10
  },
  {
    "id": "C0242350",
    "community": 10
  },
  {
    "id": "C0025322",
    "community": 10
  },
  {
    "id": "C4021107",
    "community": 10
  },
  {
    "id": "C0162809",
    "community": 10
  },
  {
    "id": "C0232940",
    "community": 10
  },
  {
    "id": "C0948896",
    "community": 10
  },
  {
    "id": "C0151721",
    "community": 10
  },
  {
    "id": "C0028326",
    "community": 10
  },
  {
    "id": "C1847967",
    "community": 10
  },
  {
    "id": "C0392525",
    "community": 10
  },
  {
    "id": "C0018055",
    "community": 10
  },
  {
    "id": "C4025821",
    "community": 10
  },
  {
    "id": "C1856266",
    "community": 10
  },
  {
    "id": "C0020437",
    "community": 10
  },
  {
    "id": "C0410550",
    "community": 10
  },
  {
    "id": "C0028960",
    "community": 10
  },
  {
    "id": "C3544092",
    "community": 11
  },
  {
    "id": "C4020898",
    "community": 11
  },
  {
    "id": "C0085606",
    "community": 11
  },
  {
    "id": "C0751362",
    "community": 12
  },
  {
    "id": "C0027404",
    "community": 12
  },
  {
    "id": "C0007384",
    "community": 12
  },
  {
    "id": "C1834372",
    "community": 12
  },
  {
    "id": "C0085684",
    "community": 13
  },
  {
    "id": "C1848736",
    "community": 13
  },
  {
    "id": "C0085623",
    "community": 14
  },
  {
    "id": "C0003886",
    "community": 14
  },
  {
    "id": "C0265213",
    "community": 14
  },
  {
    "id": "C1276035",
    "community": 14
  },
  {
    "id": "C1834523",
    "community": 14
  },
  {
    "id": "C1970298",
    "community": 15
  },
  {
    "id": "C1879286",
    "community": 15
  },
  {
    "id": "C0917796",
    "community": 16
  },
  {
    "id": "C3887709",
    "community": 16
  },
  {
    "id": "C0152025",
    "community": 16
  },
  {
    "id": "C0154835",
    "community": 16
  },
  {
    "id": "C0748140",
    "community": 17
  },
  {
    "id": "C0694550",
    "community": 17
  },
  {
    "id": "C0042514",
    "community": 18
  },
  {
    "id": "C1631597",
    "community": 18
  },
  {
    "id": "C3809288",
    "community": 19
  },
  {
    "id": "C3715165",
    "community": 19
  },
  {
    "id": "C1960469",
    "community": 19
  },
  {
    "id": "C0002878",
    "community": 20
  },
  {
    "id": "C0013902",
    "community": 20
  },
  {
    "id": "C0268307",
    "community": 21
  },
  {
    "id": "C0220991",
    "community": 21
  },
  {
    "id": "C0004245",
    "community": 22
  },
  {
    "id": "C1841659",
    "community": 22
  },
  {
    "id": "C0267963",
    "community": 23
  },
  {
    "id": "C0030293",
    "community": 23
  },
  {
    "id": "C0553681",
    "community": 24
  },
  {
    "id": "C2584774",
    "community": 24
  },
  {
    "id": "C0042454",
    "community": 25
  },
  {
    "id": "C4021592",
    "community": 25
  },
  {
    "id": "C0149521",
    "community": 26
  },
  {
    "id": "C0238339",
    "community": 26
  },
  {
    "id": "C0042580",
    "community": 27
  },
  {
    "id": "C1855081",
    "community": 27
  },
  {
    "id": "C0262655",
    "community": 27
  },
  {
    "id": "C0410179",
    "community": 28
  },
  {
    "id": "C1834674",
    "community": 28
  },
  {
    "id": "C0431399",
    "community": 29
  },
  {
    "id": "C3489733",
    "community": 29
  },
  {
    "id": "C4274118",
    "community": 29
  },
  {
    "id": "C0265215",
    "community": 29
  },
  {
    "id": "C0004943",
    "community": 30
  },
  {
    "id": "C0149745",
    "community": 30
  },
  {
    "id": "C1263857",
    "community": 31
  },
  {
    "id": "C0270921",
    "community": 31
  },
  {
    "id": "C0477341",
    "community": 32
  },
  {
    "id": "C0276226",
    "community": 32
  },
  {
    "id": "C0005741",
    "community": 33
  },
  {
    "id": "C0339063",
    "community": 33
  },
  {
    "id": "C0014553",
    "community": 34
  },
  {
    "id": "C0270853",
    "community": 34
  },
  {
    "id": "C1838604",
    "community": 34
  },
  {
    "id": "C0270846",
    "community": 34
  },
  {
    "id": "C3806554",
    "community": 35
  },
  {
    "id": "C0036508",
    "community": 35
  },
  {
    "id": "C0013903",
    "community": 36
  },
  {
    "id": "C0457013",
    "community": 36
  },
  {
    "id": "C2937365",
    "community": 37
  },
  {
    "id": "C0038363",
    "community": 37
  },
  {
    "id": "C2930812",
    "community": 38
  },
  {
    "id": "C0010495",
    "community": 38
  },
  {
    "id": "C2242472",
    "community": 39
  },
  {
    "id": "C0029443",
    "community": 39
  },
  {
    "id": "C0034150",
    "community": 40
  },
  {
    "id": "C0005129",
    "community": 40
  },
  {
    "id": "C0021843",
    "community": 41
  },
  {
    "id": "C1859047",
    "community": 41
  },
  {
    "id": "C0268181",
    "community": 42
  },
  {
    "id": "C0022951",
    "community": 42
  },
  {
    "id": "C3203102",
    "community": 43
  },
  {
    "id": "C2973725",
    "community": 43
  },
  {
    "id": "C0340543",
    "community": 43
  },
  {
    "id": "C0027121",
    "community": 44
  },
  {
    "id": "C3279824",
    "community": 44
  },
  {
    "id": "C1848862",
    "community": 45
  },
  {
    "id": "C1851996",
    "community": 45
  },
  {
    "id": "C0001768",
    "community": 46
  },
  {
    "id": "C3152144",
    "community": 46
  },
  {
    "id": "C0004238",
    "community": 47
  },
  {
    "id": "C1843687",
    "community": 47
  },
  {
    "id": "C0030246",
    "community": 48
  },
  {
    "id": "C0343055",
    "community": 48
  },
  {
    "id": "C0271388",
    "community": 49
  },
  {
    "id": "C4020734",
    "community": 49
  },
  {
    "id": "C0085681",
    "community": 50
  },
  {
    "id": "C1876187",
    "community": 50
  },
  {
    "id": "C0149958",
    "community": 51
  },
  {
    "id": "C0270834",
    "community": 51
  }
]